Brand,Car Model,Price
Jaguar,XK 5.0L V8 Petrol Convertible,0
Jaguar,XK 5.0L V8 Petrol Coupe,"92,00,000"
Land Rover,Range Rover Supercharged V8 (Petrol),0
Land Rover,Range Rover TDV8 (Diesel),"94,00,000"
Skoda,Fabia 1.6 MPI Elegance,0
Skoda,Fabia 1.2 MPI Classic,"4,35,000"
Skoda,Fabia 1.2 MPI Ambiente Petrol,"4,85,000"
Skoda,Fabia 1.2L Diesel Classic,"5,40,000"
Skoda,Fabia 1.2 MPI Elegance,"5,68,000"
Skoda,Fabia 1.2L Diesel Ambiente,"5,91,000"
Skoda,Fabia 1.2L Diesel Elegance,"6,69,000"
Tata,Winger Deluxe - Flat Roof (AC),0
Tata,Winger Deluxe - Flat Roof (Non-AC),0
Tata,Winger Deluxe - Hi Roof (AC),0
Tata,Winger Deluxe - Hi Roof (Non-AC),0
Tata,Winger Luxury - Flat Roof (AC),0
Tata,Winger Standard -Flat Roof (Non-AC),0
Tata,Nano Std BSIII,"1,27,064"
Tata,Nano Std BS IV,"1,40,880"
Tata,Nano Cx BSIII,"1,52,812"
Tata,Nano Cx BSIV,"1,70,078"
Tata,Nano Lx BSIII,"1,77,531"
Tata,Nano Lx BSIV,"1,96,956"
Maruti,800 Std BSIII,"1,95,028"
Maruti,800 AC BSIII,"1,97,028"
Maruti,800 Std. LPG,"2,11,610"
Maruti,800 AC LPG,"2,33,784"
Maruti,Omni MPI CARGO BSIII W/ IMMOBILISER,"1,98,754"
Maruti,Omni LPG CARGO BSIII W/ IMMOBILISER,"2,04,522"
Maruti,Omni MPI CARGO BSIV,"2,09,290"
Maruti,Omni MPI STD BSIII 5-STR W/ IMMOBILISER,"2,17,202"
Maruti,Omni MPI STD BSIII 8-STR W/ IMMOBILISER,"2,18,863"
Maruti,Omni MPI STD BSIV,"2,27,736"
Maruti,Omni E MPI STD BSIV,"2,29,397"
Maruti,Omni LPG STD BSIII 5-STR W/ IMMOBILISER,"2,38,821"
Maruti,Omni MPI Ambulance BSIV,"2,62,552"
Maruti,Alto Std,"2,32,247"
Maruti,Alto LX,"2,63,619"
Maruti,Alto Green Std BSIV,"2,79,247"
Maruti,Alto LXi,"2,81,127"
Maruti,Alto K10 LXI,"3,04,192"
Maruti,Alto Green LX BSIV,"3,10,619"
Maruti,Alto K10 VXI,"3,17,192"
Maruti,Alto Green LXi (CNG),"3,28,126"
Hyundai,Santro Xing (Non-AC),"2,80,897"
Hyundai,Santro Xing GL,"3,48,025"
Audi,Hyundai Santro Xing AE GLS o,"3,68,683"
Hyundai,Santro Xing AE GLS Audio,"3,68,683"
Hyundai,Santro Xing GLS,"3,70,169"
Hyundai,Santro Xing GL LPG,"3,70,975"
Hyundai,Santro Xing GLS LPG,"3,91,568"
Audi,Hyundai Santro Xing GLS o LPG,"3,92,538"
Hyundai,Santro Xing GLS Audio LPG,"3,92,538"
Maruti,Eeco 5 Seater Standard,"2,82,397"
Maruti,Eeco 7 Seater Standard,"3,04,199"
Maruti,Eeco 5 Seater AC,"3,16,961"
Maruti,Eeco CNG HTR 5-STR,"3,44,398"
Maruti,Eeco Ambulance Petrol AC Plus HTR,"3,57,119"
Maruti,Eeco Flexi Green,"3,75,061"
Maruti,Eeco CNG 5 Seater AC,"3,79,962"
Tata,Indica V2 Xeta eGL BS IV,"2,95,568"
Tata,Indica V2 Xeta eGLE BS IV,"3,19,754"
Tata,Indica V2 Xeta eGLS BS IV,"3,34,821"
Tata,Indica V2 Xeta GLE LPG BS IV,"3,43,480"
Tata,Indica V2 Xeta GLS LPG BS IV,"3,56,938"
Tata,Indica V2 Xeta eGLX BS IV,"3,58,814"
Chevrolet,Spark 1.0 E,"3,05,958"
Chevrolet,Spark 1.0,"3,23,458"
Chevrolet,Spark 1.0 PS,"3,36,753"
Chevrolet,Spark 1.0 LS,"3,59,539"
Chevrolet,Spark 1.0 LT,"3,81,239"
Chevrolet,Spark 1.0 LT Option Pack w/ Airbag,"4,31,156"
Tata,Indica Xeta GLS BS IV,"3,19,972"
Maruti,Zen Estilo LX BS IV,"3,27,272"
Maruti,Zen Estilo LXI BS IV,"3,58,063"
Maruti,Zen Estilo VXI BS IV,"3,84,520"
Maruti,Zen Estilo LXI Green (CNG),"4,10,062"
Maruti,Zen Estilo VXI BS IV W/ ABS,"4,14,065"
Maruti,Wagon R LX BS IV,"3,35,550"
Maruti,Wagon R LXI BS IV,"3,65,110"
Maruti,Wagon R VXI BS IV,"3,90,048"
Maruti,Wagon R LXI DUO BS IV,"3,99,099"
Maruti,Wagon R LXI CNG,"4,18,110"
Maruti,Wagon R VXI BS IV with ABS,"4,20,795"
Fiat,Palio Stile 1.1 SL,"3,41,243"
Fiat,Palio Stile 1.1 SLE,"3,58,509"
Fiat,Palio Stile 1.1 SLX,"3,77,681"
Fiat,Palio Stile 1.6 Sport,"4,43,630"
Tata,Indica V2 DL BSIII,"3,47,732"
Tata,Indica V2 DLE BSIII,"3,82,816"
Tata,Indica V2 Turbomax DLE BS IV,"3,86,372"
Tata,Indica V2 eL,"4,00,570"
Tata,Indica V2 DLS BSIII,"4,04,508"
Tata,Indica V2 Turbomax DLS BS IV,"4,06,063"
Tata,Indica V2 eLE,"4,35,397"
Tata,Indica V2 eLS,"4,49,663"
Tata,Indica V2 eLX,"4,81,775"
Reva,i Standard,"3,49,705"
Reva,i A/C,"3,97,919"
Reva,i Classe,"4,28,419"
Hyundai,i10 D-lite,"3,54,972"
Hyundai,i10 Era,"3,88,515"
Hyundai,i10 Magna 1.1L,"4,03,029"
Hyundai,i10 Magna,"4,20,030"
Hyundai,i10 Sportz,"4,53,562"
Hyundai,i10 Sportz Option,"4,79,837"
Hyundai,i10 Sportz AT,"5,09,519"
Hyundai,i10 Asta,"5,27,258"
Hyundai,i10 Asta AT,"5,99,455"
Chevrolet,Beat PS,"3,59,044"
Chevrolet,Beat LS,"3,87,349"
Chevrolet,Beat LS LPG,"4,20,275"
Chevrolet,Beat Diesel PS,"4,29,490"
Chevrolet,Beat LT,"4,30,582"
Chevrolet,Beat Diesel LS,"4,59,990"
Chevrolet,Beat LT LPG,"4,63,508"
Chevrolet,Beat Option Pack,"4,78,562"
Chevrolet,Beat Diesel LT,"4,99,990"
Chevrolet,Beat Diesel,"5,45,990"
Maruti,A-Star Lxi,"3,59,838"
Maruti,A-Star Vxi,"3,87,829"
Maruti,A-Star Zxi,"4,23,541"
Maruti,A-Star AT VXI,"4,37,737"
Chevrolet,Spark LPG 1.0 PS,"3,60,277"
Chevrolet,Spark LPG 1.0 LS,"3,82,948"
Chevrolet,Spark LPG 1.0 LT,"4,04,648"
Ford,Figo Petrol LXI,"3,69,500"
Ford,Figo Petrol EXI,"4,06,400"
Ford,Figo Petrol ZXI,"4,29,000"
Ford,Figo Diesel LXI,"4,59,500"
Ford,Figo Petrol Titanium,"4,67,400"
Ford,Figo Diesel EXI,"4,96,400"
Ford,Figo Diesel ZXI,"5,19,000"
Ford,Figo Diesel Titanium,"5,57,400"
Tata,Indica Vista Safire GLS,"3,88,401"
Tata,Indica Vista TDI LS,"4,29,883"
Tata,Indica Vista Safire GLX,"4,39,632"
Tata,Indica Vista Safire GVX,"4,66,459"
Tata,Indica Vista TDI LX,"4,73,162"
Tata,Indica Vista Quadrajet LS,"4,79,915"
Tata,Indica Vista Safire 90hp GLX,"5,14,654"
Tata,Indica Vista Quadrajet LX,"5,28,850"
Tata,Indica Vista Quadrajet VX,"5,46,907"
Tata,Indica Vista Safire 90hp GVX,"5,55,195"
Tata,Indica Vista Quadrajet ZX,"6,06,700"
Tata,Indica Vista Safire 90hp GZX,"6,11,180"
Toyota,Etios Liva J,"3,99,000"
Toyota,Etios Liva G,"4,59,000"
Toyota,Etios Liva G Plus,"5,05,900"
Toyota,Etios Liva V,"5,49,950"
Toyota,Etios Liva Diesel,"5,54,000"
Toyota,Etios Liva GD Safety,"5,84,500"
Toyota,Etios Liva VX,"5,99,000"
Maruti,Ritz LXi,"4,03,251"
Maruti,Ritz VXi,"4,38,716"
Maruti,Ritz Genus VXi,"4,52,459"
Maruti,Ritz VXi (ABS) BS IV,"4,62,762"
Maruti,Ritz LDi,"4,92,559"
Maruti,Ritz ZXi,"5,00,072"
Maruti,Ritz VDi,"5,28,676"
Maruti,Ritz Genus VDi,"5,31,519"
Maruti,Ritz VDI (ABS) BS IV,"5,47,014"
Chevrolet,Aveo U-VA 1.2,"4,07,579"
Chevrolet,Aveo U-VA 1.2 LS,"4,13,779"
Chevrolet,Aveo U-VA 1.2 LT Option Pack,"4,89,403"
Chevrolet,Aveo U-VA 1.2 LT,"5,01,768"
Nissan,Micra XE,"4,10,500"
Nissan,Micra XE Plus,"4,37,500"
Nissan,Micra XL,"4,72,500"
Nissan,Micra XV,"5,38,300"
Nissan,Micra Diesel XV,"5,69,670"
Nissan,Micra Diesel XV Premium,"6,14,000"
Tata,Indigo CS GLX GLX BS-III,"4,10,509"
Tata,Venture CX,"4,13,815"
Tata,Venture EX,"4,63,816"
Tata,Venture GX,"5,13,816"
Maruti,Swift LXI,"4,22,341"
Maruti,Swift VXI,"4,75,983"
Maruti,Swift LDI BSIV,"5,17,162"
Maruti,Swift ZXI,"5,53,226"
Maruti,Swift VDI BS IV,"5,60,661"
Maruti,Swift ZDi,"6,37,903"
Hindustan Motors,Ambassador Classic 1800 Isz Cng,"4,31,112"
Hindustan Motors,Ambassador Classic 1800 Isz Mpfi,"4,46,816"
Hindustan Motors,Ambassador Classic 1800 Isz Mpfi Ps,"4,61,715"
Hindustan Motors,Ambassador Classic 2000 Dsz,"4,64,526"
Hindustan Motors,Ambassador Grand 2000 DSZ,"4,64,526"
Hindustan Motors,Ambassador Classic 1800 Isz AC Cng,"4,68,343"
Hindustan Motors,Ambassador Classic 1800 IszMpfi AC,"4,69,447"
Hindustan Motors,Ambassador Classic 1800 ISZ MPFI AC PS,"4,79,670"
Hindustan Motors,Ambassador Classic 2000 DSZ  AC,"4,85,084"
Hindustan Motors,Ambassador Grand 1800 ISZ MPFI,"4,87,765"
Hindustan Motors,Ambassador Grand 1800 ISZ MPFI PW CL,"5,19,577"
Hindustan Motors,Ambassador Avigo 1800 ISZ MPFI AC,"5,54,426"
Hindustan Motors,Ambassador Avigo 2000 DSZ,"6,04,113"
Fiat,Grande Punto Active,"4,31,558"
Fiat,Grande Punto 1.2 Dynamic,"4,62,565"
Fiat,Grande Punto 1.2 Emotion,"4,93,572"
Fiat,Grande Punto Active (Diesel),"5,17,578"
Fiat,Grande Punto 1.4 Emotion,"5,44,585"
Fiat,Grande Punto 1.3 Dynamic (Diesel),"5,51,586"
Fiat,Grande Punto 1.3 Emotion (Diesel),"5,94,595"
Fiat,Grande Punto 1.4 Emotion Pack,"6,01,871"
Fiat,Grande Punto 1.3 Emotion Pack (Diesel),"6,50,609"
Fiat,Grande Punto 1.3 Emotion Pack 90HP (Diesel),"6,84,763"
Fiat,Palio Stile Multijet 1.3 SD,"4,37,757"
Fiat,Palio Stile Multijet 1.3 SDE,"4,57,436"
Fiat,Palio Stile Multijet 1.3 SDX,"4,77,117"
Mahindra,Thar 4X2,"4,47,000"
Mahindra,Thar 4X4,"6,17,808"
Tata,Indigo CS eGLS BS IV,"4,48,056"
Tata,Indigo CS LE (TDI) BS-III,"4,58,852"
Tata,Indigo CS eGLX BS IV,"4,68,303"
Tata,Indigo CS eGVX,"4,97,727"
Tata,Indigo CS LS (TDI) BS-III,"4,99,266"
Tata,Indigo CS LX (TDI) BS-III,"5,28,860"
Tata,Indigo CS eLS BS IV,"5,28,895"
Tata,Indigo CS eLX BS IV,"5,51,555"
Tata,Indigo CS eVX,"5,80,339"
Tata,Spacio A1 ST-10 Seats BSII,"4,49,119"
Tata,Spacio 10/6 Str BS-II,"4,97,546"
Tata,Spacio Gold-10/6 Str BSII,"5,18,914"
Tata,Spacio Gold-10/6 Str BSIII,"5,34,006"
Volkswagen,Polo Petrol Trendline 1.2L,"4,57,000"
Volkswagen,Polo Petrol Breeze,"5,01,428"
Volkswagen,Polo Petrol Comfortline 1.2L,"5,08,500"
Volkswagen,Polo Comfortline Breeze,"5,56,583"
Volkswagen,Polo Diesel Trendline 1.2L,"5,59,000"
Volkswagen,Polo Petrol Highline 1.2L,"6,04,200"
Volkswagen,Polo Diesel Comfortline 1.2L,"6,10,500"
Volkswagen,Polo Petrol Highline 1.6L,"6,38,700"
Volkswagen,Polo Highline Breeze,"6,77,200"
Volkswagen,Polo Diesel Highline 1.2L,"7,06,200"
Hyundai,i20 Era Petrol,"4,59,205"
Hyundai,i20 Magna,"4,99,205"
Hyundai,i20 Sportz Option,"5,27,676"
Hyundai,i20 Sportz Petrol,"5,42,706"
Hyundai,i20 Era Diesel,"5,70,359"
Hyundai,i20 Asta,"5,84,208"
Hyundai,i20 Asta (o),"5,93,737"
Hyundai,i20 Magna 1.4 CRDi (Diesel),"6,10,354"
Hyundai,i20 1.4 Asta AT (O) with Sunroof,"6,29,164"
Hyundai,i20 Sportz Option Diesel,"6,38,821"
Hyundai,i20 Sportz Diesel,"6,53,856"
Hyundai,i20 Asta 1.4 CRDi (Diesel),"6,95,862"
Hyundai,i20 Asta (o) 1.4 CRDi (Diesel),"7,34,540"
Hyundai,i20 1.4 Asta (AT),"7,59,754"
Premier,Rio Petrol GX,"4,70,000"
Premier,Rio Petrol GLX,"5,10,000"
Premier,Rio EX,"5,25,000"
Premier,Rio LX,"5,95,000"
Premier,Rio DX,"6,01,000"
Tata,Indigo GLS,"4,70,922"
Tata,Indigo GLX,"5,07,667"
Tata,Indigo LS,"5,13,173"
Tata,Indigo LS Dicor,"5,31,841"
Tata,Indigo LX,"5,47,900"
Tata,Indigo LX Dicor,"5,89,227"
Tata,Indigo V Series VS,"4,76,048"
Mahindra,Verito 1.4 G2 BSIII,"4,82,100"
Mahindra,Verito 1.4 G2 BSIV,"4,91,693"
Mahindra,Verito 1.4 G4 BSIII,"5,07,100"
Mahindra,Verito 1.4 G4 BSIV,"5,16,693"
Mahindra,Verito 1.4 G4 Play BSIII,"5,57,100"
Mahindra,Verito 1.5 D2 BSIII,"5,61,800"
Mahindra,Verito 1.5 D2 BSIV,"5,83,393"
Mahindra,Verito 1.5 D4 BSIII,"5,91,800"
Mahindra,Verito 1.5 D4 BSIV,"6,13,393"
Mahindra,Verito 1.5 D4 Play BSIII,"6,41,800"
Mahindra,Verito 1.5 D6 BSIII,"6,47,800"
Mahindra,Verito 1.5 D6 BSIV,"6,69,393"
Tata,Sumo SE Plus BSII,"4,86,135"
Tata,Sumo SE Plus BSIII,"5,01,531"
Tata,Indigo Marina GLS,"4,86,773"
Tata,Indigo Marina GLX,"5,22,107"
Tata,Indigo Marina LS,"5,32,799"
Tata,Indigo Marina LX,"5,72,953"
Tata,Indigo Marina LX Dicor,"6,22,976"
Tata,Sumo Victa DI CX 7/9 Str BSII,"4,89,057"
Tata,Sumo Victa DI LX 7/9 Str BSII,"5,20,057"
Tata,Sumo Victa DI LX 7/9 Str BSIII,"5,31,615"
Tata,Sumo Victa DI EX 7/9 Str BSII,"5,60,057"
Tata,Sumo Victa DI EX 7/9 Str BSIII,"5,71,615"
Tata,Sumo Victa DI CX 7/9 Str BSIII,"5,90,615"
Tata,Sumo Victa DI GX 7/9 Str BSII,"5,94,057"
Tata,Sumo Victa DI GX 7/9 Str BSIII,"6,05,615"
Mahindra,Bolero DI BSIII,"4,94,000"
Mahindra,Bolero DI BSII,"5,27,145"
Mahindra,Bolero Plus - AC BSII,"5,86,452"
Mahindra,Bolero Plus - AC BSIII,"6,01,828"
Mahindra,Bolero SLE BSIII,"6,18,914"
Mahindra,Bolero SLE,"6,32,844"
Mahindra,Bolero SLX 2WD BSIII,"6,66,841"
Mahindra,Bolero SLX,"6,80,771"
Mahindra,Bolero ZLX BSIII,"6,82,164"
Mahindra,Bolero ZLX,"6,96,093"
Maruti,Swift Dzire LXI,"4,94,557"
Maruti,Swift Dzire VXI,"5,47,227"
Maruti,Swift Dzire LDI,"5,85,721"
Maruti,Swift Dzire VDI,"6,36,630"
Maruti,Swift Dzire ZXI,"6,39,770"
Maruti,Swift Dzire ZDI,"7,19,873"
Ford,New Ikon 1.3 Rocam,"4,97,466"
Ford,New Ikon iKool 1.3 Rocam,"5,14,466"
Ford,New Ikon 1.4 Duratorq TDCi,"5,59,145"
Ford,New Ikon iKool 1.4 Duratorq TDCi,"5,76,145"
Toyota,Etios J,"4,99,000"
Toyota,Etios G,"5,54,335"
Toyota,Etios G Safety,"5,99,900"
Toyota,Etios Diesel,"6,44,335"
Toyota,Etios V,"6,51,135"
Toyota,Etios GD Safety,"6,89,900"
Toyota,Etios VX,"6,97,000"
Toyota,Etios VD,"7,41,135"
Toyota,Etios VXD,"7,87,000"
ICML,Rhino Rx Winner Non AC 9 Seater BS III,"4,99,126"
ICML,Rhino Rx Winner with AC 9 Seater BS III,"5,09,126"
ICML,Rhino Rx Winner with AC 10 Seater BS III,"5,49,126"
ICML,Rhino Rx Winner CRDFi 10 Seater BS IV,"5,73,307"
ICML,Rhino Rx Xciter 9 Seater BS III,"5,75,556"
ICML,Rhino Rx Xciter 8 Seater BS III,"5,80,126"
ICML,Rhino Rx Winner CRDFi 9 Seater BS III,"5,84,126"
ICML,Rhino Rx Winner CRDFi 9 Seater BS IV with PS,"6,07,682"
ICML,Rhino Rx Xciter CRDFi 9 Seater BS III,"6,10,556"
ICML,Rhino Rx Xciter CRDFi 8 Seater BS III,"6,15,126"
ICML,Rhino Rx Xciter CRDFi 9 Seater BS IV,"6,30,126"
ICML,Rhino Rx Xciter CRDFi 8 Seater BS IV,"6,34,586"
ICML,Rhino Rx Royale CRDFi 8 Seater BS III,"6,55,126"
ICML,Rhino Rx Delite CRDFi 7 Seater BS III,"6,75,126"
ICML,Rhino Rx Royale CRDFi 8 Seater BS IV,"6,78,682"
ICML,Rhino Rx Delite CRDFi 7 Seater BS IV,"7,00,126"
Maruti,Gypsy King Hard Top Ambulance BS III,"4,99,386"
Maruti,Gypsy King Hard Top Ambulance BSIV,"5,15,032"
Maruti,Gypsy King Soft Top,"5,28,018"
Maruti,Gypsy King Soft Top MPI BSIV,"5,44,402"
Maruti,Gypsy King Hard Top,"5,46,856"
Maruti,Gypsy King Hard Top MPI BSIV,"5,63,240"
Hyundai,Accent Executive,"5,02,869"
Hyundai,Accent Executive LPG,"5,39,676"
Tata,Sumo Victa CX 10/7 Str BSII,"5,30,793"
Tata,Sumo Victa CX 10/7 Str BSIII,"5,49,079"
Tata,Manza Aqua Safire BS IV,"5,39,129"
Tata,Manza Aura Safire BS IV,"5,74,703"
Tata,Manza Aqua Quadrajet,"5,90,737"
Tata,Manza Aura (ABS) Safire BS IV,"6,08,311"
Tata,Manza Aqua Quadrajet BS IV,"6,16,397"
Tata,Manza Aura Quadrajet,"6,34,422"
Tata,Manza Aura Quadrajet BS IV,"6,60,081"
Tata,Manza Aura (ABS) Quadrajet,"6,77,518"
Tata,Manza ELAN Safire BS IV,"6,83,299"
Tata,Manza ELAN Quadrajet BS III,"7,00,753"
Tata,Manza Aura (ABS) Quadrajet BS IV,"7,03,740"
Tata,Manza ELAN Quadrajet BS IV,"7,67,725"
Ford,Fiesta Classic 1.6 Duratec LXI,"5,49,030"
Ford,Fiesta Classic 1.6 Duratec CLXI,"6,03,000"
Ford,Fiesta Classic 1.4 Duratorq LXI,"6,57,000"
Ford,Fiesta Classic 1.4 Duratorq CLXI,"6,98,000"
Ford,Fiesta Classic 1.6 SXI Duratec,"7,29,000"
Ford,Fiesta Classic 1.4 SXI Duratorq,"8,19,000"
Tata,Indigo XL Classic Petrol,"5,49,113"
Tata,Indigo XL Grand Dicor,"5,62,089"
Tata,Indigo XL Classic Dicor,"5,80,525"
Tata,Indigo XL Grand Petrol,"6,86,012"
Honda,Jazz Basic,"5,50,000"
Honda,Jazz Select Edition,"5,75,000"
Honda,Jazz X,"6,06,000"
Tata,Sumo Victa LX 10/7 Str BSII,"5,62,793"
Tata,Sumo Victa LX 10/7 Str BSIII,"5,78,189"
Nissan,Sunny XE,"5,78,000"
Nissan,Sunny XL,"6,88,000"
Nissan,Sunny XV,"7,68,000"
Tata,Sumo Grande MKII Turbo 2.0 CX,"5,80,215"
Tata,Sumo Grande MKII Turbo 2.0 LX,"6,11,906"
Tata,Sumo Grande MKII CX,"6,42,045"
Tata,Sumo Grande MKII CX BS IV,"6,52,045"
Tata,Sumo Grande MKII LX,"6,60,696"
Tata,Sumo Grande MKII Turbo 2.0 EX,"6,91,636"
Tata,Sumo Grande MKII EX,"7,00,959"
Tata,Sumo Grande MKII LX BS IV,"7,30,463"
Tata,Sumo Grande MKII EX BS IV,"7,70,727"
Tata,Sumo Grande MKII GX BS IV,"8,38,811"
Chevrolet,Aveo 1.4 LS BSIV,"5,90,254"
Chevrolet,Aveo 1.4 LS,"5,90,868"
Chevrolet,Aveo 1.4 CNG,"5,91,554"
Chevrolet,Aveo 1.4 LT,"6,69,407"
Chevrolet,Aveo 1.4 LT BSIV,"6,69,980"
Chevrolet,Aveo 1.4 LT with ABS,"6,98,528"
Chevrolet,Aveo 1.4 LT ABS BSIV,"6,99,102"
Chevrolet,Aveo 1.6 LT with ABS,"7,25,520"
Tata,Sumo Victa EX 10/7 Str BSII,"5,90,794"
Tata,Sumo Victa EX 10/7 Str BSIII,"6,06,190"
Chevrolet,Tavera B1-10 seats BSII,"5,92,691"
Chevrolet,Tavera B1-7 seats BSII,"6,04,394"
Chevrolet,Tavera B1-10 seats BSIII,"6,41,203"
Chevrolet,Tavera B1-7 seats BSIII,"6,53,022"
Chevrolet,Tavera B1 10 seats BSIII BG,"6,62,651"
Chevrolet,Tavera B1 7 seats BSIII BG,"6,74,298"
Chevrolet,Tavera B2-10 seats BSII,"6,74,713"
Chevrolet,Tavera B2-7 seats BSII,"6,86,764"
Chevrolet,Tavera B2-10 seats BSIII,"7,23,467"
Chevrolet,Tavera B2-7 seats BSIII,"7,35,287"
Chevrolet,Tavera B2 10 seats BSIII BG,"7,45,374"
Chevrolet,Tavera B2 7 seats BSIII BG,"7,56,907"
San Motors,Storm 1.2,"5,95,000"
Tata,Sumo Victa GX 7 Str BSII,"6,22,793"
Tata,Sumo Victa GX TC 7 Str BSIII,"6,73,386"
Fiat,Linea Active,"6,51,684"
Fiat,Linea Dynamic,"6,78,690"
Fiat,Linea Emotion,"7,44,705"
Fiat,Linea Active (Diesel),"7,47,706"
Fiat,Linea Emotion Pack,"7,75,713"
Fiat,Linea Dynamic (Diesel),"7,77,713"
Fiat,Linea Emotion (Diesel),"8,23,723"
Fiat,Linea T Jet,"8,56,461"
Fiat,Linea Emotion Pack (Diesel),"8,79,737"
Fiat,Linea T Jet Plus,"9,06,473"
Volkswagen,Vento Petrol Trendline,"6,99,000"
Volkswagen,Vento Petrol Breeze,"7,84,668"
Volkswagen,Vento Diesel Trendline,"7,99,000"
Volkswagen,Vento Petrol Highline,"8,23,500"
Volkswagen,Vento Diesel Breeze,"9,16,961"
Volkswagen,Vento Petrol Highline AT,"9,21,500"
Volkswagen,Vento Diesel Highline,"9,23,500"
Hyundai,Verna 1.4 VTVT,"6,99,655"
Hyundai,Verna 1.6 VTVT,"7,69,993"
Hyundai,Verna 1.4 CRDi,"8,09,651"
Hyundai,Verna 1.6 SX VTVT,"8,29,995"
Hyundai,Verna 1.6 VGT CRDi,"8,89,996"
Hyundai,Verna 1.6 SX VTVT (O),"8,99,993"
Hyundai,Verna 1.6 SX,"9,49,994"
Hyundai,Verna 1.6 SX VTVT AT,"9,69,996"
Hyundai,Verna 1.6 SX CRDi (O),"10,19,994"
Hyundai,Verna SX CRDi AT,"10,89,997"
Maruti,SX4 Vxi BSIV,"7,00,006"
Maruti,SX4 Green Vxi (CNG),"7,58,005"
Maruti,SX4 ZXI MT BSIV,"7,75,173"
Maruti,SX4 VDI,"7,78,999"
Maruti,SX4 ZXI MT BSIV Leather,"8,09,262"
Maruti,SX4 ZXI AT,"8,41,270"
Maruti,SX4 ZDI,"8,66,999"
Maruti,SX4 ZXI AT Leather,"8,75,360"
Maruti,SX4 ZDI Leather,"9,01,088"
Mahindra,Xylo D2,"7,24,300"
Mahindra,Xylo D2 BS IV,"7,37,600"
Mahindra,Xylo D4 BSIII,"7,81,100"
Mahindra,Xylo E4,"7,86,500"
Mahindra,Xylo D4,"7,90,400"
Mahindra,Xylo E4 BS IV,"7,96,500"
Mahindra,Xylo E6,"8,41,400"
Mahindra,Xylo E6 BS IV,"8,51,600"
Mahindra,Xylo E8,"8,91,300"
Mahindra,Xylo E8 BS IV,"9,02,100"
Mahindra,Xylo Celebration Edition,"9,03,500"
Mahindra,Xylo E8 ABS,"9,13,900"
Mahindra,Xylo Celebration Edition BSIV,"9,14,300"
Mahindra,Xylo E8 ABS BS IV,"9,25,100"
Mahindra,Xylo E8 ABS Airbag,"9,34,700"
Mahindra,Xylo E8 ABS Airbag BSIV,"9,46,600"
Chevrolet,Tavera Neo LS B3 - 10 seats BSII,"7,27,973"
Chevrolet,Tavera Neo LS B4 - 7 seats BSII,"7,32,840"
Chevrolet,Tavera Neo LS B4 - 7(C) seats BSII,"7,43,848"
Chevrolet,Tavera Neo LS B4 - 7 seats BSIII,"7,91,982"
Chevrolet,Tavera Neo LS B4 - 7(C) seats BSIII,"8,02,883"
Chevrolet,Tavera Neo LS B3 - 10 seats BSIII,"8,11,422"
Chevrolet,Tavera Neo LS B3 - 7(C) seats BSII,"8,15,668"
Chevrolet,Tavera Neo LT-L - 9 seats BSII,"8,17,232"
Chevrolet,Tavera Neo LS B3 - 7(C) seats BSIII,"8,25,651"
Chevrolet,Tavera Neo LT-L - 9 seats BSIII,"9,16,134"
Chevrolet,Tavera Neo LT D1 - 8 seats BSIII,"9,65,034"
Chevrolet,Tavera Neo LT L 8 Seats BS3,"9,65,034"
Chevrolet,Tavera Neo LT D1 - 7(C) seats BSIII,"9,89,820"
Chevrolet,Tavera Neo LT-L - 7 seats BSII,"10,01,572"
Chevrolet,Tavera Neo LT-L - 7 seats BSIII,"10,11,555"
Chevrolet,Optra Magnum 1.6 LS BS3,"7,30,519"
Chevrolet,Optra Magnum 1.6 LS Petrol,"7,36,486"
Chevrolet,Optra Magnum 1.6 LT ABS BS3,"8,30,466"
Chevrolet,Optra Magnum 1.6 LT Petrol,"8,36,433"
Chevrolet,Optra Magnum 1.6 Max,"8,36,433"
Chevrolet,Optra Magnum 2.0 Max,"8,39,417"
Chevrolet,Optra Magnum 2.0 LS,"8,46,416"
Chevrolet,Optra Magnum 2.0 LT BS3,"9,29,381"
Chevrolet,Optra Magnum 2.0 LT,"9,36,380"
Mitsubishi,Lancer 1.5 L Petrol LX,"7,33,000"
Mitsubishi,Lancer 2.0 L Diesel LX,"8,03,438"
Mahindra,Scorpio M2DI,"7,43,700"
Mahindra,Scorpio EX,"7,46,000"
Mahindra,Scorpio EX BSIV,"7,59,200"
Mahindra,Scorpio LX,"7,93,300"
Mahindra,Scorpio LX BS IV,"8,02,200"
Mahindra,Scorpio Getaway,"8,25,400"
Mahindra,Scorpio Sle,"9,20,700"
Mahindra,Scorpio Getaway 4WD,"9,26,200"
Mahindra,Scorpio SLE BS IV,"9,32,200"
Mahindra,Scorpio VLX,"10,29,000"
Mahindra,Scorpio Vlx BS-IV,"10,42,200"
Mahindra,Scorpio VLX Airbag,"10,48,500"
Mahindra,Scorpio Vlx Air bag BS-IV,"10,62,200"
Mahindra,Scorpio VLX 4WD,"11,26,700"
Mahindra,Scorpio VLX AT Airbag,"11,30,400"
Mahindra,Scorpio VLX 4WD BS-IV,"11,40,500"
Mahindra,Scorpio VLX AT Airbag BS-IV,"11,44,200"
Mahindra,Scorpio VLX 4WD Airbag,"11,47,000"
Mahindra,Scorpio VLX 4WD Air bag BS-IV,"11,60,500"
Mahindra,Scorpio Vlx AT 4WD Airbag,"12,27,400"
Mahindra,Scorpio VlX AT 4WD Airbag BS-IV,"12,40,500"
Honda,City 1.5 E MT,"7,49,000"
Honda,City 1.5 S MT,"8,19,600"
Honda,City 1.5 S Elegance,"8,19,966"
Honda,City 1.5 V MT,"8,64,800"
Honda,City 1.5 V Elegance,"8,65,146"
Honda,City 1.5 V MT Exclusive,"9,16,900"
Honda,City 1.5 S Inspire,"9,33,138"
Honda,City 1.5 V AT,"9,37,000"
Honda,City 1.5 V Inspire,"9,78,138"
Honda,City 1.5 V AT Exclusive,"9,89,100"
Tata,Xenon XT EX 4X2,"7,62,327"
Tata,Xenon XT EX 4X4,"8,58,222"
Tata,Winger Platinum 7 Seater,"7,90,000"
Tata,New Safari DICOR 2.2 LX 4x2,"8,08,542"
Tata,New Safari DICOR 2.2 LX 4x2 BS IV,"8,18,543"
Tata,New Safari DICOR 2.2 EX 4x2,"9,30,572"
Tata,New Safari DICOR 2.2 EX 4x2 BS IV,"9,43,073"
Tata,New Safari DICOR 2.2 EX 4x4,"9,69,758"
Tata,New Safari DICOR 2.2 EX 4x4 BS IV,"9,79,758"
Tata,New Safari DICOR 2.2 GX 4x2,"9,91,503"
Tata,New Safari DICOR 2.2 GX 4x2 BS IV,"10,52,673"
Tata,New Safari DICOR 2.2 GX 4x4,"10,84,312"
Tata,New Safari DICOR 2.2 VX 4x2,"10,92,415"
Tata,New Safari DICOR 2.2 GX 4x4 BS IV,"10,94,313"
Tata,New Safari DICOR 2.2 VX 4x2 BS IV,"11,63,605"
Tata,New Safari DICOR 2.2 VX 4x4,"11,84,504"
Tata,New Safari DICOR 2.2 VX 4x4 BS IV,"12,55,696"
Ford,Fiesta Petrol Style,"8,23,500"
Ford,Fiesta Petrol Trend,"8,77,200"
Ford,Fiesta Petrol Titanium,"9,17,200"
Ford,Fiesta Diesel Style,"9,27,200"
Ford,Fiesta Petrol Titanium Plus,"9,42,200"
Ford,Fiesta Diesel Trend,"9,77,200"
Ford,Fiesta Titanium 1.5 TDCi,"9,98,500"
Ford,Fiesta Diesel Titanium Plus,"10,42,200"
Toyota,Innova 2.5 E Diesel MS 8-seater,"8,35,527"
Toyota,Innova 2.5 E Diesel MS 7-seater,"8,39,658"
Toyota,Innova 2.5 EV (Diesel) MS 8 Seater BS IV,"8,60,527"
Toyota,Innova 2.5 EV (Diesel) MS 7 Seater BS IV,"8,64,658"
Toyota,Innova 2.5 E Diesel PS 8-Seater,"8,86,728"
Toyota,Innova 2.5 E Diesel PS 7-Seater,"8,90,858"
Toyota,Innova 2.0 G (Petrol) 8 Seater BS IV,"9,09,406"
Toyota,Innova 2.5 EV (Diesel) PS 8 Seater BS IV,"9,11,728"
Toyota,Innova 2.5 EV (Diesel) PS 7 Seater BS IV,"9,15,858"
Toyota,Innova 2.5 G1 Diesel 8-seater,"9,54,345"
Toyota,Innova 2.5 G (Diesel) 8 Seater BS IV,"9,79,345"
Toyota,Innova 2.0 GX (Petrol) 8 Seater BS IV,"10,16,070"
Toyota,Innova 2.5 G4 Diesel 7-seater,"10,51,244"
Toyota,Innova 2.5 G4 Diesel 8-seater,"10,55,374"
Toyota,Innova 2.5 GX (Diesel) 7 Seater BS IV,"10,76,244"
Toyota,Innova 2.5 GX (Diesel) 8 Seater BS IV,"10,80,374"
Toyota,Innova 2.0 VX (Petrol) 8 Seater BS IV,"11,99,436"
Toyota,Innova 2.5 V Diesel 7-seater,"12,32,564"
Toyota,Innova 2.5 V Diesel 8-seater,"12,36,695"
Toyota,Innova 2.5 VX (Diesel) 7 Seater BS IV,"12,57,564"
Toyota,Innova 2.5 VX (Diesel) 8 Seater BS IV,"12,61,695"
Toyota,Innova Crysta 2.5 VX BS III,"12,87,570"
Toyota,Innova Crysta 2.5 VX BS IV,"13,12,570"
Mitsubishi,Cedia Sports,"9,30,000"
Mitsubishi,Cedia Spirit,"9,80,000"
Mahindra,Scorpio W Vls,"9,84,903"
Mahindra,Scorpio W Vlx,"10,42,750"
Toyota,Corolla Altis 1.8 J,"10,53,300"
Toyota,Corolla Altis Diesel D4DJ,"11,46,500"
Toyota,Corolla Altis G,"12,39,400"
Toyota,Corolla Altis Diesel D4DG,"13,40,600"
Toyota,Corolla Altis GL,"13,85,800"
Toyota,Corolla Altis Diesel D4DGL,"14,55,000"
Toyota,Corolla Altis VL,"14,77,400"
Force,One 4x2,"10,65,000"
Tata,Aria Pure 4x2,"11,61,000"
Tata,Aria Pure 4x2 BSIII,"11,61,000"
Tata,Aria Pleasure 4x2,"12,61,000"
Tata,Aria Pleasure Fabric,"13,25,340"
Tata,Aria Prestige 4x2,"14,26,000"
Tata,Aria Prestige Fabric,"14,47,443"
Tata,Aria Prestige Leather,"14,84,444"
Tata,Aria Pride,"15,84,446"
Chevrolet,Cruze LT,"12,03,618"
Chevrolet,Cruze LTZ,"13,60,336"
Chevrolet,Cruze LTZ AT,"14,44,619"
Honda,Civic 1.8 S MT,"12,21,500"
Honda,Civic 1.8 V MT,"13,21,400"
Honda,Civic 1.8 V MT Sunroof,"13,66,900"
Honda,Civic 1.8 V AT,"13,96,200"
Honda,Civic 1.8 V AT Sunroof,"14,41,600"
Renault,Fluence 1.5,"12,99,000"
Renault,Fluence 2.0,"14,40,000"
Skoda,New Laura 1.8 TSI Ambiente,"13,48,984"
Skoda,New Laura Ambiente 2.0 TDI CR MT,"13,94,130"
Skoda,New Laura Ambiente 2.0 TDI CR AT,"15,05,317"
Skoda,New Laura RS,"15,19,906"
Skoda,New Laura Elegance 2.0 TDI CR MT,"15,43,636"
Skoda,New Laura Elegance 2.0 TDI CR AT,"16,43,086"
Skoda,New Laura LandK 2.0 TDI CR AT,"18,21,408"
Volkswagen,Jetta 2.0L TDI Trendline,"14,12,400"
Volkswagen,Jetta 2.0L TDI Comfortline,"15,39,400"
Volkswagen,Jetta 2.0L TDI Highline,"17,06,400"
Volkswagen,Jetta 2.0L TDI Highline AT,"17,86,400"
Hyundai,Sonata Transform 2.4 VTVT,"14,64,637"
Hyundai,Sonata Transform CRDi M/T,"16,13,458"
Hyundai,Sonata Transform CRDi A/T,"17,15,152"
Fiat,500 Lounge,"14,82,646"
Fiat,500 Sports,"14,82,646"
Skoda,Yeti Ambiente,"15,35,299"
Skoda,Yeti Elegance,"16,72,995"
Hyundai,Tucson CRDi,"16,27,293"
Maruti,Kizashi MT,"16,50,000"
Maruti,Kizashi CVT,"17,50,000"
Maruti,Grand Vitara 2.4 MT,"16,94,382"
Maruti,Grand Vitara 2.4 AT,"18,26,660"
Ford,Endeavour 4x2 XLT,"17,04,880"
Ford,Endeavour 3.0L AT 4x2,"18,27,880"
Ford,Endeavour 4x4 Thunder Plus,"19,70,880"
Chevrolet,Captiva LT,"18,16,921"
Chevrolet,Captiva XTREME,"18,89,915"
Chevrolet,Captiva LTZ VCDi,"19,93,547"
Skoda,Superb 1.8 TFSI MT,"18,28,563"
Skoda,Superb 1.8 TFSI AT,"19,81,137"
Skoda,Superb 2.0 TDI PD,"22,45,628"
Skoda,Superb 3.6 TFSI,"26,38,282"
Volkswagen,Passat 1.8 TSI MT,"19,20,777"
Volkswagen,Passat Diesel Comfortline 2.0 TDI,"23,80,000"
Volkswagen,Passat Diesel Highline 2.0 TDI,"25,65,000"
Honda,New Accord 2.4 M/T,"19,60,500"
Honda,New Accord 2.4 Elegance M/T,"19,83,500"
Honda,New Accord 2.4 A/T,"20,36,500"
Honda,New Accord 2.4 Inspire M/T,"20,43,500"
Honda,New Accord 2.4 Elegance A/T,"20,59,500"
Honda,New Accord 2.4 Inspire A/T,"21,19,500"
Honda,New Accord 3.5 V6,"26,41,500"
Honda,New Accord 3.5 V6 Inspire,"26,96,721"
Toyota,Fortuner 3.0 Diesel,"20,14,800"
Mitsubishi,Outlander 2.4,"20,25,000"
Mitsubishi,Outlander Chrome,"20,25,000"
Mitsubishi,Pajero 2.8 SFX,"21,10,000"
Volkswagen,Beetle 2.0,"21,22,592"
Hyundai,Santa Fe 4X2,"21,46,000"
Hyundai,Santa Fe 4X4,"23,46,500"
Nissan,Teana XL,"21,46,000"
Nissan,Teana XV,"25,91,000"
Toyota,Camry M/T,"21,58,220"
Toyota,Camry M/T with Moonroof,"22,09,340"
Toyota,Camry A/T,"23,22,050"
Toyota,Camry A/T with Moonroof,"23,73,170"
Nissan,X-Trail LE,"22,14,000"
Nissan,X-Trail SLX MT,"24,59,000"
Nissan,X-Trail SLX AT,"26,40,000"
BMW,X1 sDrive 18i,"22,40,000"
BMW,X1 sDrive20d,"24,40,000"
BMW,X1 sDrive 20d Exclusive,"30,40,000"
Honda,CR-V 2.0L 2WD MT,"22,64,038"
Honda,CR-V 2.4L 4WD MT,"24,11,938"
Honda,CR-V 2.4L 4WD AT,"24,88,438"
Renault,Koleos 2.0 Diesel,"22,99,000"
BMW,3 Series 320i,"24,40,000"
BMW,3 Series 320d Corporate Edition,"24,90,000"
BMW,3 Series 320d Highline,"31,90,000"
BMW,3 Series 330i,"34,59,111"
Mercedes-Benz,New C-Class C 200 Kompressor Elegance AT,"25,75,499"
Mercedes-Benz,New C-Class C 220 CDI Elegance AT,"26,53,000"
Mercedes-Benz,New C-Class C 200 CGI Elegance,"28,30,000"
Mercedes-Benz,New C-Class C 200 CGI Avantgarde,"29,52,999"
Mercedes-Benz,New C-Class C 250 CDI Elegance,"32,03,500"
Mercedes-Benz,New C-Class C 250 CDI Avantgarde,"32,81,499"
Mercedes-Benz,New C-Class C 63 AMG,"69,90,000"
Volvo,S60 D5 Kinetic,"27,00,000"
Volvo,S60 D5 Summum,"32,00,000"
Volvo,S60 T6 Summum,"34,00,000"
Toyota,Prius Z3,"27,08,493"
Toyota,Prius Z4,"28,40,491"
Audi,A4 1.8 TFSI,"27,69,000"
Audi,New  A4 2.0 TDI Multitronic,"29,00,000"
Audi,A4 2.0 TFSI,"29,64,000"
Audi,New  A4 3.2 FSI Tiptronic Quattro,"36,00,000"
Audi,A4 3.0 TDI Quattro,"37,72,000"
Land Rover,Freelander 2 S,"33,54,555"
Land Rover,Freelander 2 SE,"34,40,201"
Land Rover,Freelander 2 HSE,"39,06,203"
BMW,5 Series 520 d,"37,60,000"
BMW,5 Series 525d,"42,40,000"
BMW,5 Series 530d,"48,50,000"
BMW,5 Series 535i,"58,00,000"
Audi,A6 2.0 TDI,"37,70,000"
Audi,A6 2.8 FSI,"40,03,000"
Audi,A6 3.0 TDI quattro,"46,95,000"
Audi,A6 3.0 TFSI quattro,"47,00,000"
Volvo,S 80 D5,"38,57,000"
Volvo,S 80 3.2 Petrol,"39,57,000"
Volvo,S 80 V8 AWD,"44,50,000"
Mercedes-Benz,E-Class E 200 CGI,"38,60,000"
Mercedes-Benz,E-Class E250 CDI Classic,"40,61,361"
Mercedes-Benz,E-Class E250 Diesel,"41,97,000"
Mercedes-Benz,E-Class E250 Petrol,"42,88,000"
Mercedes-Benz,E-Class E350 Petrol,"49,30,999"
Mercedes-Benz,E-Class E350 Diesel,"50,44,099"
Mercedes-Benz,E-Class E350 Coupe,"58,60,500"
Mercedes-Benz,E-Class E350 Cabriolet,"65,81,200"
Mercedes-Benz,E-Class E 63 AMG,"99,00,000"
Audi,Q5 2.0 TDI,"38,94,000"
Audi,Q5 2.0 TFSI Quattro,"39,44,000"
Audi,Q5 3.0 TDI Quattro,"45,56,000"
Volvo,XC60 D5,"39,50,000"
Mitsubishi,Montero 3.2 AT,"40,50,000"
Mitsubishi,Montero 3.2 MT,"40,50,000"
BMW,X3 xDrive20d,"41,20,000"
BMW,X3 xDrive30d,"47,90,000"
Volvo,XC90 3.2 AWD,"44,95,000"
Volvo,XC90 D5 AWD,"45,08,000"
Volvo,XC90 R-Design,"46,00,000"
Volvo,XC90 V8 AWD,"49,50,000"
Audi,TT Coupe 3.2 quattro S tronic,"46,00,000"
Mercedes-Benz,SLK-Class SLK 200 Kompressor,"47,57,569"
Mercedes-Benz,SLK-Class SLK 350,"66,64,414"
Jaguar,XF Diesel,"48,37,000"
Jaguar,XF 5.0 Litre V8 Petrol,"59,65,175"
Jaguar,XF R Supercharged 5.0 Litre V8 Petrol,"74,21,090"
Mercedes-Benz,M-Class ML 320 CDI 4Matic,"48,81,522"
Mercedes-Benz,M-Class Grand Sports,"53,50,000"
Mercedes-Benz,M-Class ML 350 4Matic,"53,50,000"
Mitsubishi,Lancer Evolution X 2.0,"49,95,000"
Volkswagen,Touareg V6 3.0 TDI,"51,85,160"
Toyota,Land Cruiser Prado Diesel,"53,28,000"
Nissan,370Z MT,"53,50,000"
Nissan,370Z AT,"54,50,000"
BMW,X5 xDrive 30d,"53,80,000"
BMW,X5 xDrive 50i,"70,50,000"
Audi,Q7 3.0 TDI quattro,"55,35,000"
Audi,Q7 4.2 TDI quattro,"66,56,000"
Land Rover,Discovery 3 TDV6 Diesel Automatic,"59,00,000"
Mercedes-Benz,R-Class R350 4Matic Long,"60,50,000"
Porsche,Cayenne Diesel,"60,69,000"
Porsche,Cayenne S Hybrid,"75,90,000"
Porsche,Cayenne S Tiptronic,"79,23,000"
Porsche,Cayenne Turbo,"1,28,12,000"
BMW,Z4 35i,"62,14,333"
BMW,Gran Turismo 3.0L Diesel,"63,00,000"
Audi,A7 3.0 TDI Quattro,"64,00,000"
Audi,A7 2.8 FSI Quattro,"65,00,000"
Audi,A7 3.0 TDI,"65,00,000"
Audi,A7 3.0 TFSI Quattro,"85,00,000"
Porsche,Boxster S,"66,79,000"
Mercedes-Benz,GL-Class 350 CDI Executive,"67,19,000"
Mercedes-Benz,GL-Class 350 CDI Luxury,"72,37,000"
Mercedes-Benz,GL-Class 500,"80,90,000"
BMW,X6 xDrive30d,"68,70,000"
BMW,X6 xDrive50i,"85,50,000"
BMW,X6 M,"1,30,00,000"
Porsche,Cayman S,"70,43,000"
Audi,A8 L 3.0 TDI quattro,"72,45,000"
Audi,A8 L 4.2 FSI quattro,"82,33,000"
Audi,A8 L 4.2 FSI,"87,32,000"
Audi,A8 4.2 FSI quattro,"89,00,000"
Audi,A8 L 6.0 W12 quattro,"1,26,00,000"
Audi,A8 L 6.3 W12 Quattro,"1,26,56,000"
Audi,RS5 Coupe,"76,00,000"
Volkswagen,Phaeton 3.6,"76,29,128"
BMW,M Series M3 Coupe,"77,40,000"
BMW,M Series M5 Sedan,"99,90,000"
BMW,M Series M6 Coupe,"1,21,40,000"
BMW,M Series M6 Convertible,"1,28,10,000"
BMW,6 Series 650i Coupe,"79,90,000"
BMW,6 Series 650i Convertible,"95,00,000"
BMW,7 Series 730Ld,"83,40,000"
BMW,7 Series 740Li,"86,40,000"
BMW,7 Series 750Li,"98,60,000"
BMW,7 Series 760Li,"1,31,50,000"
Mercedes-Benz,S-Class S 350 L,"85,57,999"
Mercedes-Benz,S-Class S 350 CDI,"85,60,499"
Mercedes-Benz,S-Class S 500 L,"99,37,000"
Toyota,Land Cruiser VX Standard,"86,02,000"
Toyota,Land Cruiser VX Premium,"87,58,000"
Jaguar,XKR 5.0L V8 Petrol Supercharged Coupe,"88,00,000"
Jaguar,XKR 5.0L V8 Petrol Supercharged Convertible,"93,00,000"
Jaguar,XJ 5.0L,"90,41,908"
Porsche,911 Carrera,"93,34,000"
Porsche,911 Carrera 4,"1,00,46,000"
Porsche,911 Carrera Cabriolet,"1,05,93,000"
Porsche,911 Carrera S,"1,07,88,000"
Porsche,911 Targa 4,"1,09,88,000"
Porsche,911 Carrera 4 Cabriolet,"1,12,91,000"
Porsche,911 Carrera 4S,"1,14,88,000"
Porsche,911 Carrera S Cabriolet,"1,20,17,000"
Porsche,911 Targa 4S,"1,24,22,000"
Porsche,911 Carrera 4S Cabriolet,"1,27,46,000"
Porsche,911 GT3,"1,34,12,000"
Porsche,911 Turbo,"1,56,12,000"
Porsche,911 GT3 RS,"1,56,28,000"
Porsche,911 Turbo Cabriolet,"1,68,97,000"
Mercedes-Benz,SL-Class SL 350,"98,50,000"
Mercedes-Benz,SL-Class SL 500,"1,15,32,427"
Aston Martin,DB9 6 L V12,"1,00,00,000"
Land Rover,Range Rover Sport Supercharged V8 (Petrol),"1,02,61,900"
Land Rover,Range Rover Sport TDV8 (Diesel),"1,07,35,900"
Mercedes-Benz,G Class G55 AMG,"1,10,00,000"
Mercedes-Benz,CLS-Class 350 BE,"1,15,00,000"
Mercedes-Benz,CLS-Class 63 AMG,"1,24,00,000"
Audi,R8 4.2 FSI quattro,"1,15,32,000"
Audi,R8 5.2 FSI,"1,35,00,000"
Audi,R8 Spyder,"1,47,00,000"
Mercedes-Benz,CL-Class 500,"1,19,74,861"
Mercedes-Benz,CL-Class 600,"1,65,75,643"
Maserati,Gran Turismo 4.2 L Coupe,"1,20,29,000"
Maserati,Gran Turismo FL 4.2,"1,23,22,000"
Maserati,Gran Turismo S 4.7 AT,"1,29,81,000"
Maserati,Gran Turismo S,"1,37,13,000"
Aston Martin,DBS 6 L V12,"1,30,00,000"
Maserati,Quattroporte S FL 4.7,"1,32,74,000"
Maserati,Quattroporte Sport GT S,"1,42,99,000"
Porsche,Panamera S,"1,42,96,000"
Porsche,Panamera 4S,"1,49,84,000"
Porsche,Panamera Turbo,"2,07,70,000"
Maserati,Gran Cabrio Convertible,"1,42,99,000"
Aston Martin,Rapide V12,"1,50,00,000"
Lamborghini,Gallardo Coupe,"1,55,00,000"
Lamborghini,Gallardo Spyder,"1,80,00,000"
Lamborghini,Gallardo Superleggera,"2,20,00,000"
Bentley,Azure,"1,70,00,000"
Bentley,Continental Flying Spur,"1,74,00,000"
Bentley,Continental GT,"1,87,00,000"
Bentley,Continental Flying Spur Speed,"1,92,00,000"
Bentley,Continental GTC,"2,10,00,000"
Bentley,Continental Supersports,"2,25,00,000"
Mercedes-Benz,SLS AMG Coupe,"2,08,08,000"
Ferrari,California GT,"2,20,00,000"
Bentley,Arnage R,"2,25,00,000"
Bentley,Arnage RL,"2,50,00,000"
Rolls-Royce,Ghost,"2,50,00,000"
Aston Martin,V8 Vantage 4.7 L,"2,55,00,000"
Ferrari,458 Italia GT,"2,57,00,000"
Lamborghini,Murcielago LP640,"2,60,00,000"
Bentley,Mulsanne 6.8,"2,69,00,000"
Ferrari,FF GT,"3,40,00,000"
Ferrari,599 GTB Fiorano GT,"3,57,00,000"
Bentley,Brookland,"3,80,00,000"
Rolls-Royce,Phantom,"4,00,00,000"
Rolls-Royce,Drophead Drophead Coupe,"4,20,00,000"
Maybach,57 S,"4,85,00,000"
Maybach,62 S,"5,10,00,000"
Bugatti,Veyron 16.4 Grand Sport,"12,00,00,000"
Koenigsegg,Agera 5.0 V8,"12,50,00,000"
Aston Martin,One 77 V12,"20,00,00,000"
